T1_K,P1_atm,phi,cj_speed_m_s,integration_speed_m_s,x_end_m,T_min_K,T_max_K,P_min_Pa,P_max_Pa,x_monotonic,finite_all,min_mass_fraction,max_species_sum_error,x10_T_m,x50_T_m,x90_T_m,T_start_K,T_end_K,delta_T_K
300.0,0.1,1.0,1920.62258153982,1930.225694447519,0.03540588082277351,1486.6304904280905,2725.933693364267,185792.40977227545,267139.0408238115,True,True,0.0,2.220446049250313e-16,0.001980885176003544,0.0032817428561155563,0.015956024085897157,1486.6324385740486,2725.933693364267,1239.3012547902185
300.0,0.2,1.0,1937.9976387438476,1947.6876269375666,0.043074567542248886,1506.9366245211158,2864.557837876482,343521.51366946724,544205.7028752108,True,True,0.0,4.440892098500626e-16,0.0009117667362350163,0.0013702561930556399,0.007460354630619886,1506.9387438217957,2864.557837876482,1357.6190940546865
300.0,0.3,1.0,1947.819051656995,1957.5581469152798,0.04609473872205614,1518.4778175041804,2903.429694592406,513047.62854244886,824787.7775188808,True,True,0.0,2.220446049250313e-16,0.000584606890535893,0.0008222728656115145,0.003921838536216166,1518.4799734800783,2903.429694592406,1384.9497211123278
300.0,0.4,1.0,1954.6163834610904,1964.3894653783957,0.04750017985654472,1526.4920023637465,2927.4676790132226,687340.9357626657,1107576.3839431384,True,True,0.0,2.220446049250313e-16,0.00043008333816995633,0.000582308323493161,0.002463283268481263,1526.4941523759821,2927.4676790132226,1400.9735266372404
300.0,0.5,1.0,1959.7839025110939,1969.5828220236492,0.04828920802495649,1532.5991463482048,2945.670588447462,862772.1890489672,1391962.9021946972,True,True,0.0,4.440892098500626e-16,0.00034119766504376486,0.0004508611912054675,0.0017269726663935298,1532.6012873678565,2945.670588447462,1413.0693010796053
300.0,0.6,1.0,1963.9346480027305,1973.7543212427438,0.048796692749781274,1537.5137398445938,2960.359545143153,1038802.3280452844,1677595.1883067263,True,True,0.0,4.440892098500626e-16,0.000283901665613958,0.0003688614559681582,0.001298721798962673,1537.5158560764255,2960.359545143153,1422.8436890667274
300.0,0.7,1.0,1967.3920978770213,1977.2290583664062,0.049153837633721935,1541.6136444832478,2972.645944625826,1215303.6186615275,1964244.1080755866,True,True,0.0,6.661338147750939e-16,0.00024417166104516826,0.0003132665073991784,0.0010251585254340187,1541.6157271572176,2972.645944625826,1431.0302174686083
300.0,0.8,1.0,1970.3474046713634,1980.19914169472,0.04942133414380093,1545.1225585259058,2983.184892748726,1392198.268582762,2251748.779688605,True,True,0.0,3.3306690738754696e-16,0.0002151538783581935,0.0002733501582908853,0.0008387127081678489,1545.124603237075,2983.184892748726,1438.0602895116508
300.0,0.9,1.0,1972.9229348984773,1982.7875495729695,0.04963094966346953,1548.183904449131,2992.3972556110216,1569430.4272557066,2539990.6247134525,True,True,0.0,2.220446049250313e-16,0.00019317276403735633,0.00024344967298421436,0.0007049399081328665,1548.1859094980302,2992.3972556110216,1444.2113461129914
300.0,1.0,1.0,1975.2015032109978,1985.0775107270526,0.04980090937984013,1550.8948626085105,3000.569092773815,1746956.6889379597,2828878.4169319803,True,True,0.0,6.661338147750939e-16,0.0001760184979340697,0.00022033604771559825,0.0006053258154195549,1550.8968391833168,3000.569092773804,1449.6722535904873
300.0,1.1,1.0,1977.241781105265,1987.127990010791,0.04994240349824656,1553.3243789015874,3007.9033050925877,1924742.902315077,3118340.090910206,True,True,0.0,2.220446049250313e-16,0.00016232737030384562,0.00020202272269563456,0.0005290838403681085,1553.326330264988,3007.9033050925755,1454.5769748275875
300.0,1.2,1.0,1979.0867609578754,1988.9821947626647,0.05006267668991035,1555.5230236672257,3014.5501432782407,2102762.960348464,3408317.172075139,True,True,0.0,4.440892098500626e-16,0.0001512270559417013,0.00018723503023434623,0.0004691619483586571,1555.5249491178297,3014.550143278232,1459.0251941604024
300.0,1.3,1.0,1980.7689368159631,1990.6727815000427,0.05016666243009852,1557.529050846569,3020.6219055942242,2280993.3537334553,3698761.564354295,True,True,0.0,2.220446049250313e-16,0.00014210975507488732,0.00017511261019814893,0.000421151392784751,1557.5309501508245,3020.6219055942092,1463.0909554433847
300.0,1.4,1.0,1982.313385481907,1992.2249524093163,0.05025781686106537,1559.372006598007,3026.2063710285056,2459415.595053584,3989632.8220728915,True,True,0.0,4.440892098500626e-16,0.00013452487904280728,0.0001650495509308581,0.00038201828394400413,1559.373879835355,3026.2063710284915,1466.8324911931365
300.0,1.5,1.0,1983.739879724588,1993.6585791232108,0.05033865196048619,1561.0752055965008,3031.3727255263443,2638013.5110023,4280896.578861309,True,True,0.0,2.220446049250313e-16,0.00012817137847017296,0.00015661903234516858,0.00034971294286270947,1561.0770530611974,3031.372725526328,1470.2956724651306
300.0,1.6,1.0,1985.064290109255,1994.989611559801,0.05041102212681808,1562.6573747105897,3036.1766594357937,2816774.0936931227,4572523.3536288105,True,True,0.0,4.440892098500626e-16,0.00012282402268301898,0.00014950557949241757,0.00032271508451760315,1562.6591968503596,3036.176659435786,1473.5174625854263
300.0,1.7,1.0,1986.2994891166074,1996.2309865621903,0.050476365224182536,1564.1337124362803,3040.6630194910376,2995683.722137724,4864487.338416759,True,True,0.0,2.220446049250313e-16,0.00011830342130819925,0.0001434759907755884,0.000299975673980296,1564.1355098124388,3040.663019491029,1476.5275096785901
300.0,1.8,1.0,1987.4561389271514,1997.393419621787,0.050535756592635026,1565.5168159070163,3044.869492824512,3174733.649954918,5156766.164124471,True,True,0.0,4.440892098500626e-16,0.00011448547249212901,0.0001383461462166824,0.00028059925159945153,1565.5185891704546,3044.869492824499,1479.3509036540445
300.0,1.9,1.0,1988.5431043106823,1998.4858198322356,0.0505900665463285,1566.8171642685595,3048.8276295970336,3353914.8540230487,5449339.959815771,True,True,0.0,4.440892098500626e-16,0.00011126288390191148,0.00013397399899288726,0.0002640031847606568,1566.818914139664,3048.8276295970195,1482.0087154573555
300.0,2.0,1.0,1989.5678613188618,1999.5157006254558,0.050639978150640946,1568.0435998913078,3052.5638361934875,3533220.0276358095,5742191.115384525,True,True,0.0,8.881784197001252e-16,0.00010855665723123472,0.0001302578166858525,0.00024971868744089323,1568.045327142332,3052.563836193474,1484.5185090511418
300.0,2.1,1.0,1990.5367290478682,2000.4894126931074,0.05068607843960703,1569.2036000232242,3056.0997775069795,3712638.9909493322,6035303.67114104,True,True,0.0,8.881784197001252e-16,0.00010629068714942089,0.00012710369691166577,0.00023733777718829179,1569.2053054581716,3056.099777506964,1486.8944720487925
300.0,2.2,1.0,1991.4551739244014,2001.4124497940231,0.050728807572873444,1570.3036367464956,3059.4551337704092,3892167.283111528,6328663.587621402,True,True,0.0,5.551115123125783e-16,0.00010441756420136183,0.00012444279136974523,0.00022655566701676173,1570.305321181304,3059.4551337703983,1489.1498125890944
300.0,2.3,1.0,1992.3278793876616,2002.2895187845997,0.05076855544386161,1571.3492571689078,3062.6463509857563,4071798.087320642,6622257.961858881,True,True,0.0,6.661338147750939e-16,0.00010290134758700114,0.00012221768924893078,0.00021720112987963242,1571.3509214086719,3062.646350985741,1491.295429577069
300.0,2.4,1.0,1993.158929916039,2003.1247245656189,0.050805628710858634,1572.345301262935,3065.688411887266,4251527.986677835,6916075.1762594115,True,True,0.0,2.6645352591003757e-15,0.00010169499839197966,0.00012038201467804035,0.00020902608015136736,1572.346946082102,3065.688411887245,1493.341465805143
300.0,2.5,1.0,1993.9518834469877,2003.9216428642223,0.05084030839187392,1573.2959866301494,3068.593481377825,4431350.548294212,7210104.549627118,True,True,0.0,8.881784197001252e-16,0.00010077486869372203,0.00011889428680498694,0.00020189812485955582,1573.297612756094,3068.593481377818,1495.2958686217241
300.0,2.6,1.0,1994.7098779219255,2004.6834273115348,0.05087282152956999,1574.2050345921512,3071.3730216416197,4611262.309576562,7504336.378395444,True,True,0.0,1.3322676295501878e-15,0.00010012135241840079,0.00011772354960827667,0.00019564581751973633,1574.2066426951549,3071.373021641612,1497.1663789464571
300.0,2.7,1.0,1995.4356800521214,2005.4128584523817,0.05090337653133853,1575.0757273708894,3074.0362463904885,4791257.341415515,7798761.705654525,True,True,0.0,2.886579864025407e-15,9.970094121416911e-05,0.00011683684584046613,0.00019021276012669196,1575.0773180599142,3074.036246390476,1498.958928330562
300.0,2.8,1.0,1996.1317436505992,2006.112402368852,0.050932136313713565,1575.9109769892195,3076.5926702172646,4971334.3775159735,8093372.255625475,True,True,0.0,2.4424906541753444e-15,9.950346407887258e-05,0.000116209448839732,0.0001854811167125349,1575.9125508131842,3076.5926702172487,1500.6801194040645
300.0,2.9,1.0,1996.8002909209308,2006.7842923755352,0.05095926088739662,1576.7134227037093,3079.049659210629,5151489.194693141,8388160.669606436,True,True,0.0,5.995204332975845e-15,9.949394817480146e-05,0.0001158174688458313,0.00018135033977124187,1576.7149794094335,3079.0496592106174,1502.334679801184
300.0,3.0,1.0,1997.4432328235062,2007.4304489876235,0.05098489890644366,1577.4853321746796,3081.4142741409096,5331716.680229577,8683119.460013477,True,True,0.0,8.881784197001252e-16,9.966975380659752e-05,0.00011564068892918838,0.00017777540635065798,1577.4868724996472,3081.414274140902,1503.9274016412546
300.0,3.1,1.0,1998.0623601191162,2008.0526719197117,0.0510091526540277,1578.2288333488516,3083.6931693523484,5512017.487538386,8978242.288071549,True,True,0.0,1.3322676295501878e-15,0.00010000999632439481,0.00011565528898178494,0.0001746851732898051,1578.230357648451,3083.693169352344,1505.4628117038928
300.0,3.2,1.0,1998.659285031,2008.6525814561548,0.051032154928660624,1578.9458422673054,3085.8916235252386,5692386.29500535,9273523.249293087,True,True,0.0,4.440892098500626e-16,0.00010049305016330083,0.00011584258861195848,0.0001720457587004585,1578.9473508642484,3085.8916235252236,1506.9442726609752
300.0,3.3,1.0,1999.2354136659644,2009.231590734294,0.05105401325390776,1579.63802978439,3088.0147116429935,5872820.032988861,9568956.334055172,True,True,0.0,2.220446049250313e-15,0.00010110341939574399,0.00011617847576843622,0.00016977585057286954,1579.6395230279566,3088.0147116429744,1508.3751886150178
300.0,3.4,1.0,1999.7920699379788,2009.7910302876685,0.051074819370873145,1580.3069699918726,3090.067197472088,6053317.28610858,9864536.370986575,True,True,0.0,1.7763568394002505e-15,0.00010181846734494389,0.00011664522416071404,0.00016783339537182327,1580.3084483954315,3090.0671974720835,1509.758749076652
300.0,3.5,1.0,2000.3304453502506,2010.3320975770016,0.051094662410122664,1580.9540796037115,3092.053585757025,6233876.763741527,10160258.384672934,True,True,0.0,8.881784197001252e-16,0.00010262420894325756,0.00011721949771799387,0.00016620721251806633,1580.9555439958394,3092.0535857570167,1511.0980417611772
300.0,3.6,1.0,2000.8516094102297,2010.8558674572805,0.05111363849184809,1581.5806304425255,3093.9774385062597,6414494.369117166,10456117.51014848,True,True,0.0,1.5543122344752192e-15,0.00010350335908951522,0.00011788229019562501,0.00016482452494539989,1581.582081875141,3093.977438506249,1512.3953566311081
300.0,3.7,1.0,2001.3565552503726,2011.3633380266242,0.05113181649509588,1582.1878044011812,3095.842770400824,6595170.553376711,10752109.3123106,True,True,0.0,1.3322676295501878e-15,0.00010443211029473124,0.0001186143925084728,0.0001636666901293945,1582.1892437140207,3095.8427704008122,1513.6535266867916
300.0,3.8,1.0,2001.846215261547,2011.8554463378546,0.051149278406610404,1582.7767119350788,3097.6523653279833,6775901.48586433,11048229.849844368,True,True,0.0,8.881784197001252e-16,0.00010539724678027221,0.00011939615100152393,0.00016268526419779613,1582.7781394600795,3097.6523653279783,1514.8742258678988
300.0,3.9,1.0,2002.3214169581768,2012.3330240429675,0.051166086720983245,1583.348338394546,3099.4097182681217,6956687.4038444115,11344475.076928755,True,True,0.0,4.440892098500626e-16,0.00010638153335567802,0.00012021023264718308,0.00016185476896215145,1583.3497540927142,3099.4097182681126,1516.0599641753984
300.0,4.0,1.0,2002.7829343266942,2012.7968489983275,0.05118230974113774,1583.9036055030822,3101.117403970268,7137525.554868245,11640841.317731772,True,True,0.0,2.886579864025407e-15,0.00010737118518363625,0.00012104102459259509,0.00016116491328327213,1583.9050092281664,3101.117403970254,1517.2123947420878
300.0,4.1,1.0,2003.2314604773155,2013.2476177797018,0.05119802174611346,1584.4433384500337,3102.777104785061,7318409.14113178,11937324.777851785,True,True,0.0,1.9984014443252818e-15,0.0001083510821092372,0.0001218748818149044,0.00016057345428793882,1584.4447300971924,3102.777104785047,1518.3323746878546
300.0,4.2,1.0,2003.6677139169399,2013.6860524865244,0.05121322941787312,1584.968393778962,3104.3927741032257,7499347.448237936,12233922.832163025,True,True,0.0,6.328271240363392e-15,0.00010931251271966994,0.00012269913584839326,0.00016005326402966045,1584.9697733274,3104.3927741032176,1519.4230007758176
300.0,4.3,1.0,2004.0922287955793,2014.112689939557,0.05122801177576833,1585.4794069156114,3105.9658277642247,7680331.766360345,12530631.354290063,True,True,0.0,6.217248937900877e-15,0.0001102432533616558,0.00012350327938387095,0.0001596195164870795,1585.4807744199486,3105.965826631443,1520.4850522114946
300.0,4.4,1.0,2004.5056547168613,2014.5281829904454,0.05124239473729523,1585.9771529343448,3107.4982451082014,7861363.196441629,12827448.362041727,True,True,0.0,1.9984014443252818e-15,0.00011113624580961341,0.00012427854213298457,0.00015921233376335947,1585.9785085094868,3107.498245106515,1521.519736597028
300.0,4.5,1.0,2004.9084359214305,2014.9329781010374,0.051256435127680355,1586.4621603127503,3108.9916711319847,8042435.57428618,13124369.898630822,True,True,0.0,3.1086244689504383e-15,0.00011198659345375658,0.0001250191712996183,0.00015885997893763383,1586.4635041133786,3108.991671131978,1522.5281670185993
300.0,4.6,1.0,2005.3011634065706,2015.3276692236032,0.05127012389667785,1586.9351347908612,3110.4488559889755,8223557.242216749,13421394.542202096,True,True,0.0,3.9968028886505635e-15,0.00011279013943362743,0.0001257187230395542,0.00015851528233441417,1586.9364670010802,3110.4488556142214,1523.5123886131412
300.0,4.7,1.0,2005.6841763071861,2015.712597188722,0.05128353135129687,1587.396479318394,3111.8700894086705,8404715.606755618,13718518.053780979,True,True,0.0,4.6629367034256575e-15,0.00011354143523608121,0.00012637410186610565,0.00015819908893250514,1587.3978001378491,3111.870089332886,1524.4722891950369
300.0,4.8,1.0,2006.0580382031044,2016.0883283941198,0.05129664008980364,1587.846867626663,3113.2583478416254,8585920.840155061,14015739.80169343,True,True,0.0,2.6645352591003757e-15,0.00011423944815810838,0.00012698326517588773,0.00015788309673552778,1587.8481772680252,3113.2583471137477,1525.4101698457225
300.0,4.9,1.0,2006.4230398489308,2016.4551550481751,0.0513094979904663,1588.2866454068844,3114.6141303951435,8767163.870365044,14313055.894731482,True,True,0.0,7.549516567451064e-15,0.00011488352889894353,0.00012754330343434165,0.00015757506889429274,1588.287943920786,3114.614129182573,1526.326185261787
300.0,5.0,1.0,2006.7796128805885,2016.8135109449913,0.051322113794513124,1588.7163274529694,3115.9391231811333,8948446.48377941,14610464.756736862,True,True,0.0,9.992007221626409e-15,0.00011547148541071213,0.0001280529812160589,0.00015726047671007926,1588.717615711254,3115.9391173505805,1527.2215016393266
